"series","timestamp","value","label"
"Rise","2015-08-09T03:30:00Z",250,""
"Set","2015-08-09T19:05:00Z",1185,""
"Rise","2015-08-10T03:30:00Z",250,""
"Set","2015-08-10T19:00:00Z",1180,""
"Rise","2015-08-11T03:30:00Z",250,""
"Set","2015-08-11T18:55:00Z",1175,""
"Rise","2015-08-12T03:40:00Z",260,""
"Set","2015-08-12T19:05:00Z",1185,""
"Rise","2015-08-13T03:35:00Z",255,""
"Set","2015-08-13T18:55:00Z",1175,""
"Rise","2015-08-14T03:40:00Z",260,""
"Set","2015-08-14T18:45:00Z",1165,""
"Rise","2015-08-15T03:35:00Z",255,""
"Set","2015-08-15T19:00:00Z",1180,""
"Rise","2015-08-16T03:45:00Z",265,""
"Set","2015-08-16T18:50:00Z",1170,""
"Rise","2015-08-17T03:45:00Z",265,""
"Set","2015-08-17T18:35:00Z",1155,"discard"
"Rise","2015-08-18T03:50:00Z",270,""
"Set","2015-08-18T18:20:00Z",1140,"discard"
"Rise","2015-08-19T03:45:00Z",265,""
"Set","2015-08-19T18:30:00Z",1150,"discard"
"Rise","2015-08-20T03:55:00Z",275,""
"Set","2015-08-20T18:45:00Z",1165,""
"Rise","2015-08-21T03:35:00Z",255,""
"Set","2015-08-21T18:45:00Z",1165,""
"Rise","2015-08-22T03:50:00Z",270,""
"Set","2015-08-22T18:30:00Z",1150,""
"Rise","2015-08-23T03:50:00Z",270,""
"Set","2015-08-23T18:35:00Z",1155,""
"Rise","2015-08-24T03:55:00Z",275,""
"Set","2015-08-24T18:25:00Z",1145,""
"Rise","2015-08-25T04:15:00Z",295,"discard"
"Set","2015-08-25T18:25:00Z",1145,""
"Rise","2015-08-26T04:00:00Z",280,""
"Set","2015-08-26T18:20:00Z",1140,""
"Rise","2015-08-27T03:55:00Z",275,""
"Set","2015-08-27T18:25:00Z",1145,""
"Rise","2015-08-28T04:05:00Z",285,""
"Set","2015-08-28T18:25:00Z",1145,""
"Rise","2015-08-29T04:05:00Z",285,""
"Set","2015-08-29T18:30:00Z",1150,""
"Rise","2015-08-30T04:00:00Z",280,""
"Set","2015-08-30T18:25:00Z",1145,""
"Rise","2015-08-31T04:10:00Z",290,""
"Set","2015-08-31T18:20:00Z",1140,""
"Rise","2015-09-01T04:05:00Z",285,""
"Set","2015-09-01T18:05:00Z",1125,"discard"
"Rise","2015-09-02T04:10:00Z",290,""
"Set","2015-09-02T18:05:00Z",1125,"discard"
"Rise","2015-09-03T04:35:00Z",315,""
"Set","2015-09-03T18:10:00Z",1130,""
"Rise","2015-09-04T04:35:00Z",315,""
"Set","2015-09-04T18:00:00Z",1120,"discard"
"Rise","2015-09-05T04:45:00Z",325,""
"Set","2015-09-05T18:10:00Z",1130,""
"Rise","2015-09-06T04:45:00Z",325,""
"Set","2015-09-06T18:15:00Z",1135,""
"Rise","2015-09-07T04:40:00Z",320,""
"Set","2015-09-07T18:15:00Z",1135,""
"Rise","2015-09-08T04:50:00Z",330,""
"Set","2015-09-08T18:10:00Z",1130,""
"Rise","2015-09-09T05:15:00Z",355,""
"Set","2015-09-09T18:15:00Z",1135,""
"Rise","2015-09-10T05:10:00Z",350,""
"Set","2015-09-10T18:10:00Z",1130,""
"Rise","2015-09-11T05:15:00Z",355,""
"Set","2015-09-11T18:05:00Z",1125,""
"Rise","2015-09-12T05:10:00Z",350,""
"Set","2015-09-12T17:45:00Z",1105,"discard"
"Rise","2015-09-13T05:20:00Z",360,""
"Set","2015-09-13T18:00:00Z",1120,""
"Rise","2015-09-14T05:10:00Z",350,""
"Set","2015-09-14T17:55:00Z",1115,""
"Rise","2015-09-15T05:10:00Z",350,""
"Set","2015-09-15T18:00:00Z",1120,""
"Rise","2015-09-16T05:10:00Z",350,""
"Set","2015-09-16T18:05:00Z",1125,""
"Rise","2015-09-17T05:10:00Z",350,""
"Set","2015-09-17T18:10:00Z",1130,""
"Rise","2015-09-18T05:20:00Z",360,""
"Set","2015-09-18T18:05:00Z",1125,""
"Rise","2015-09-19T05:20:00Z",360,""
"Set","2015-09-19T18:05:00Z",1125,""
"Rise","2015-09-20T05:25:00Z",365,""
"Set","2015-09-20T17:50:00Z",1110,""
"Rise","2015-09-21T05:20:00Z",360,""
"Set","2015-09-21T17:55:00Z",1115,""
"Rise","2015-09-22T05:20:00Z",360,""
"Set","2015-09-22T17:55:00Z",1115,""
"Rise","2015-09-23T05:15:00Z",355,""
"Set","2015-09-23T17:40:00Z",1100,""
"Rise","2015-09-24T05:10:00Z",350,""
"Set","2015-09-24T17:20:00Z",1080,""
"Rise","2015-09-25T05:05:00Z",345,""
"Set","2015-09-25T17:15:00Z",1075,""
"Rise","2015-09-26T05:05:00Z",345,""
"Set","2015-09-26T17:15:00Z",1075,""
"Rise","2015-09-27T04:45:00Z",325,""
"Set","2015-09-27T17:05:00Z",1065,""
"Rise","2015-09-28T04:45:00Z",325,""
"Set","2015-09-28T16:50:00Z",1050,"discard"
"Rise","2015-09-29T04:55:00Z",335,""
"Set","2015-09-29T17:05:00Z",1065,""
"Rise","2015-09-30T04:45:00Z",325,""
"Set","2015-09-30T16:50:00Z",1050,"discard"
"Rise","2015-10-01T04:40:00Z",320,""
"Set","2015-10-01T17:00:00Z",1060,""
"Rise","2015-10-02T04:30:00Z",310,""
"Set","2015-10-02T17:00:00Z",1060,""
"Rise","2015-10-03T05:00:00Z",340,"discard"
"Set","2015-10-03T17:05:00Z",1065,""
"Rise","2015-10-04T04:45:00Z",325,""
"Set","2015-10-04T17:05:00Z",1065,""
"Rise","2015-10-05T04:35:00Z",315,""
"Set","2015-10-05T17:00:00Z",1060,""
"Rise","2015-10-06T04:30:00Z",310,""
"Set","2015-10-06T17:00:00Z",1060,""
"Rise","2015-10-07T04:40:00Z",320,""
"Set","2015-10-07T17:00:00Z",1060,""
"Rise","2015-10-08T04:35:00Z",315,""
"Set","2015-10-08T17:05:00Z",1065,""
"Rise","2015-10-09T04:35:00Z",315,""
"Set","2015-10-09T17:00:00Z",1060,""
"Rise","2015-10-10T04:30:00Z",310,""
"Set","2015-10-10T17:00:00Z",1060,""
"Rise","2015-10-11T04:35:00Z",315,""
"Set","2015-10-11T17:05:00Z",1065,""
"Rise","2015-10-12T04:30:00Z",310,""
"Set","2015-10-12T17:00:00Z",1060,""
"Rise","2015-10-13T04:50:00Z",330,"discard"
"Set","2015-10-13T16:55:00Z",1055,""
"Rise","2015-10-14T04:40:00Z",320,""
"Set","2015-10-14T16:50:00Z",1050,""
"Rise","2015-10-15T04:35:00Z",315,""
"Set","2015-10-15T17:00:00Z",1060,""
"Rise","2015-10-16T04:30:00Z",310,""
"Set","2015-10-16T17:00:00Z",1060,""
"Rise","2015-10-17T04:35:00Z",315,""
"Set","2015-10-17T16:55:00Z",1055,""
"Rise","2015-10-18T04:30:00Z",310,""
"Set","2015-10-18T17:00:00Z",1060,""
"Rise","2015-10-19T04:25:00Z",305,""
"Set","2015-10-19T16:55:00Z",1055,""
"Rise","2015-10-20T04:30:00Z",310,""
"Set","2015-10-20T16:55:00Z",1055,""
"Rise","2015-10-21T04:30:00Z",310,""
"Set","2015-10-21T16:45:00Z",1045,"discard"
"Rise","2015-10-22T04:35:00Z",315,""
"Set","2015-10-22T16:55:00Z",1055,""
"Rise","2015-10-23T04:35:00Z",315,""
"Set","2015-10-23T17:00:00Z",1060,""
"Rise","2015-10-24T04:30:00Z",310,""
"Set","2015-10-24T16:55:00Z",1055,""
"Rise","2015-10-25T04:30:00Z",310,""
"Set","2015-10-25T17:00:00Z",1060,""
"Rise","2015-10-26T04:30:00Z",310,""
"Set","2015-10-26T16:55:00Z",1055,""
"Rise","2015-10-27T04:30:00Z",310,""
"Set","2015-10-27T16:55:00Z",1055,""
"Rise","2015-10-28T04:30:00Z",310,""
"Set","2015-10-28T16:55:00Z",1055,""
"Rise","2015-10-29T04:30:00Z",310,""
"Set","2015-10-29T16:55:00Z",1055,""
"Rise","2015-10-30T04:35:00Z",315,""
"Set","2015-10-30T16:55:00Z",1055,""
"Rise","2015-10-31T04:35:00Z",315,""
"Set","2015-10-31T17:00:00Z",1060,""
"Rise","2015-11-01T04:30:00Z",310,""
"Set","2015-11-01T16:55:00Z",1055,""
"Rise","2015-11-02T04:30:00Z",310,""
"Set","2015-11-02T16:55:00Z",1055,""
"Rise","2015-11-03T04:30:00Z",310,""
"Set","2015-11-03T17:00:00Z",1060,""
"Rise","2015-11-04T04:25:00Z",305,""
"Set","2015-11-04T17:00:00Z",1060,""
"Rise","2015-11-05T04:35:00Z",315,""
"Set","2015-11-05T16:55:00Z",1055,""
"Rise","2015-11-06T04:30:00Z",310,""
"Set","2015-11-06T17:00:00Z",1060,""
"Rise","2015-11-07T04:25:00Z",305,""
"Set","2015-11-07T17:05:00Z",1065,""
"Rise","2015-11-08T04:45:00Z",325,"discard"
"Set","2015-11-08T17:05:00Z",1065,""
"Rise","2015-11-09T04:20:00Z",300,""
"Set","2015-11-09T16:55:00Z",1055,""
"Rise","2015-11-10T04:25:00Z",305,""
"Set","2015-11-10T16:40:00Z",1040,"discard"
"Rise","2015-11-11T04:30:00Z",310,""
"Set","2015-11-11T16:55:00Z",1055,""
"Rise","2015-11-12T04:25:00Z",305,""
"Set","2015-11-12T17:00:00Z",1060,""
"Rise","2015-11-13T04:20:00Z",300,""
"Set","2015-11-13T16:55:00Z",1055,""
"Rise","2015-11-14T05:00:00Z",340,"discard"
"Set","2015-11-14T16:55:00Z",1055,""
"Rise","2015-11-15T04:25:00Z",305,""
"Set","2015-11-15T17:00:00Z",1060,""
"Rise","2015-11-16T04:25:00Z",305,""
"Set","2015-11-16T16:55:00Z",1055,""
"Rise","2015-11-17T04:30:00Z",310,""
"Set","2015-11-17T17:05:00Z",1065,""
"Rise","2015-11-18T04:30:00Z",310,""
"Set","2015-11-18T17:00:00Z",1060,""
"Rise","2015-11-19T04:35:00Z",315,""
"Set","2015-11-19T17:00:00Z",1060,""
"Rise","2015-11-20T04:25:00Z",305,""
"Set","2015-11-20T17:00:00Z",1060,""
"Rise","2015-11-21T04:40:00Z",320,""
"Set","2015-11-21T17:00:00Z",1060,""
"Rise","2015-11-22T04:30:00Z",310,""
"Set","2015-11-22T16:45:00Z",1045,"discard"
"Rise","2015-11-23T04:35:00Z",315,""
"Set","2015-11-23T16:55:00Z",1055,""
"Rise","2015-11-24T04:45:00Z",325,"discard"
"Set","2015-11-24T17:00:00Z",1060,""
"Rise","2015-11-25T04:30:00Z",310,""
"Set","2015-11-25T17:00:00Z",1060,""
"Rise","2015-11-26T04:25:00Z",305,""
"Set","2015-11-26T17:05:00Z",1065,""
"Rise","2015-11-27T04:25:00Z",305,""
"Set","2015-11-27T17:00:00Z",1060,""
"Rise","2015-11-28T04:30:00Z",310,""
"Set","2015-11-28T17:00:00Z",1060,""
"Rise","2015-11-29T04:35:00Z",315,""
"Set","2015-11-29T17:05:00Z",1065,""
"Rise","2015-11-30T04:30:00Z",310,""
"Set","2015-11-30T17:05:00Z",1065,""
"Rise","2015-12-01T04:30:00Z",310,""
"Set","2015-12-01T17:05:00Z",1065,""
"Rise","2015-12-02T04:30:00Z",310,""
"Set","2015-12-02T17:00:00Z",1060,""
"Rise","2015-12-03T04:50:00Z",330,"discard"
"Set","2015-12-03T17:05:00Z",1065,""
"Rise","2015-12-04T04:25:00Z",305,""
"Set","2015-12-04T17:05:00Z",1065,""
"Rise","2015-12-05T04:35:00Z",315,""
"Set","2015-12-05T16:55:00Z",1055,""
"Rise","2015-12-06T04:35:00Z",315,""
"Set","2015-12-06T17:05:00Z",1065,""
"Rise","2015-12-07T04:30:00Z",310,""
"Set","2015-12-07T16:50:00Z",1050,""
"Rise","2015-12-08T04:35:00Z",315,""
"Set","2015-12-08T17:05:00Z",1065,""
"Rise","2015-12-09T04:40:00Z",320,""
"Set","2015-12-09T17:00:00Z",1060,""
"Rise","2015-12-10T04:35:00Z",315,""
"Set","2015-12-10T17:15:00Z",1075,""
"Rise","2015-12-11T04:35:00Z",315,""
"Set","2015-12-11T17:10:00Z",1070,""
"Rise","2015-12-12T04:40:00Z",320,""
"Set","2015-12-12T17:10:00Z",1070,""
"Rise","2015-12-13T04:35:00Z",315,""
"Set","2015-12-13T17:10:00Z",1070,""
"Rise","2015-12-14T04:35:00Z",315,""
"Set","2015-12-14T17:15:00Z",1075,""
"Rise","2015-12-15T04:35:00Z",315,""
"Set","2015-12-15T17:15:00Z",1075,""
"Rise","2015-12-16T04:30:00Z",310,""
"Set","2015-12-16T17:10:00Z",1070,""
"Rise","2015-12-17T04:40:00Z",320,""
"Set","2015-12-17T17:10:00Z",1070,""
"Rise","2015-12-18T04:40:00Z",320,""
"Set","2015-12-18T17:10:00Z",1070,""
"Rise","2015-12-19T04:40:00Z",320,""
"Set","2015-12-19T17:05:00Z",1065,""
"Rise","2015-12-20T04:35:00Z",315,""
"Set","2015-12-20T17:15:00Z",1075,""
"Rise","2015-12-21T04:35:00Z",315,""
"Set","2015-12-21T17:15:00Z",1075,""
"Rise","2015-12-22T04:40:00Z",320,""
"Set","2015-12-22T17:10:00Z",1070,""
"Rise","2015-12-23T04:50:00Z",330,""
"Set","2015-12-23T17:05:00Z",1065,""
"Rise","2015-12-24T04:45:00Z",325,""
"Set","2015-12-24T17:15:00Z",1075,""
"Rise","2015-12-25T04:45:00Z",325,""
"Set","2015-12-25T17:15:00Z",1075,""
"Rise","2015-12-26T04:45:00Z",325,""
"Set","2015-12-26T17:15:00Z",1075,""
"Rise","2015-12-27T04:50:00Z",330,""
"Set","2015-12-27T17:15:00Z",1075,""
"Rise","2015-12-28T04:45:00Z",325,""
"Set","2015-12-28T17:15:00Z",1075,""
"Rise","2015-12-29T04:55:00Z",335,""
"Set","2015-12-29T17:15:00Z",1075,""
"Rise","2015-12-30T04:45:00Z",325,""
"Set","2015-12-30T17:15:00Z",1075,""
"Rise","2015-12-31T04:50:00Z",330,""
"Set","2015-12-31T17:10:00Z",1070,""
"Rise","2016-01-01T04:50:00Z",330,""
"Set","2016-01-01T17:20:00Z",1080,""
"Rise","2016-01-02T04:45:00Z",325,""
"Set","2016-01-02T17:15:00Z",1075,""
"Rise","2016-01-03T04:55:00Z",335,""
"Set","2016-01-03T17:20:00Z",1080,""
"Rise","2016-01-04T04:50:00Z",330,""
"Set","2016-01-04T17:25:00Z",1085,""
"Rise","2016-01-05T04:50:00Z",330,""
"Set","2016-01-05T17:20:00Z",1080,""
"Rise","2016-01-06T04:45:00Z",325,""
"Set","2016-01-06T17:15:00Z",1075,""
"Rise","2016-01-07T05:30:00Z",370,"discard"
"Set","2016-01-07T17:15:00Z",1075,""
"Rise","2016-01-08T04:55:00Z",335,""
"Set","2016-01-08T17:20:00Z",1080,""
"Rise","2016-01-09T04:55:00Z",335,""
"Set","2016-01-09T17:20:00Z",1080,""
"Rise","2016-01-10T04:50:00Z",330,""
"Set","2016-01-10T17:20:00Z",1080,""
"Rise","2016-01-11T04:50:00Z",330,""
"Set","2016-01-11T17:25:00Z",1085,""
"Rise","2016-01-12T04:55:00Z",335,""
"Set","2016-01-12T17:20:00Z",1080,""
"Rise","2016-01-13T04:50:00Z",330,""
"Set","2016-01-13T17:25:00Z",1085,""
"Rise","2016-01-14T05:00:00Z",340,""
"Set","2016-01-14T17:25:00Z",1085,""
"Rise","2016-01-15T04:55:00Z",335,""
"Set","2016-01-15T17:10:00Z",1070,""
"Rise","2016-01-16T04:50:00Z",330,""
"Set","2016-01-16T17:20:00Z",1080,""
"Rise","2016-01-17T04:55:00Z",335,""
"Set","2016-01-17T17:25:00Z",1085,""
"Rise","2016-01-18T04:50:00Z",330,""
"Set","2016-01-18T17:20:00Z",1080,""
"Rise","2016-01-19T05:05:00Z",345,""
"Set","2016-01-19T17:15:00Z",1075,""
"Rise","2016-01-20T04:55:00Z",335,""
"Set","2016-01-20T17:25:00Z",1085,""
"Rise","2016-01-21T05:00:00Z",340,""
"Set","2016-01-21T17:25:00Z",1085,""
"Rise","2016-01-22T04:55:00Z",335,""
"Set","2016-01-22T17:25:00Z",1085,""
"Rise","2016-01-23T05:15:00Z",355,"discard"
"Set","2016-01-23T17:25:00Z",1085,""
"Rise","2016-01-24T04:55:00Z",335,""
"Set","2016-01-24T17:25:00Z",1085,""
"Rise","2016-01-25T05:00:00Z",340,""
"Set","2016-01-25T17:25:00Z",1085,""
"Rise","2016-01-26T05:00:00Z",340,""
"Set","2016-01-26T17:20:00Z",1080,""
"Rise","2016-01-27T04:55:00Z",335,""
"Set","2016-01-27T17:25:00Z",1085,""
"Rise","2016-01-28T04:55:00Z",335,""
"Set","2016-01-28T17:30:00Z",1090,""
"Rise","2016-01-29T04:55:00Z",335,""
"Set","2016-01-29T17:30:00Z",1090,""
"Rise","2016-01-30T04:55:00Z",335,""
"Set","2016-01-30T17:25:00Z",1085,""
"Rise","2016-01-31T04:55:00Z",335,""
"Set","2016-01-31T17:30:00Z",1090,""
"Rise","2016-02-01T04:55:00Z",335,""
"Set","2016-02-01T17:30:00Z",1090,""
"Rise","2016-02-02T04:55:00Z",335,""
"Set","2016-02-02T17:30:00Z",1090,""
"Rise","2016-02-03T04:55:00Z",335,""
"Set","2016-02-03T17:30:00Z",1090,""
"Rise","2016-02-04T04:50:00Z",330,""
"Set","2016-02-04T17:25:00Z",1085,""
"Rise","2016-02-05T05:40:00Z",380,"discard"
"Set","2016-02-05T17:20:00Z",1080,""
"Rise","2016-02-06T05:05:00Z",345,""
"Set","2016-02-06T17:25:00Z",1085,""
"Rise","2016-02-07T05:00:00Z",340,""
"Set","2016-02-07T17:25:00Z",1085,""
"Rise","2016-02-08T04:55:00Z",335,""
"Set","2016-02-08T17:20:00Z",1080,""
"Rise","2016-02-09T05:05:00Z",345,""
"Set","2016-02-09T17:25:00Z",1085,""
"Rise","2016-02-10T04:55:00Z",335,""
"Set","2016-02-10T17:20:00Z",1080,""
"Rise","2016-02-11T05:05:00Z",345,""
"Set","2016-02-11T17:25:00Z",1085,""
"Rise","2016-02-12T05:00:00Z",340,""
"Set","2016-02-12T17:30:00Z",1090,""
"Rise","2016-02-13T05:00:00Z",340,""
"Set","2016-02-13T17:20:00Z",1080,""
"Rise","2016-02-14T05:05:00Z",345,""
"Set","2016-02-14T17:30:00Z",1090,""
"Rise","2016-02-15T05:00:00Z",340,""
"Set","2016-02-15T17:30:00Z",1090,""
"Rise","2016-02-16T04:55:00Z",335,""
"Set","2016-02-16T17:30:00Z",1090,""
"Rise","2016-02-17T05:00:00Z",340,""
"Set","2016-02-17T17:15:00Z",1075,""
"Rise","2016-02-18T05:00:00Z",340,""
"Set","2016-02-18T17:25:00Z",1085,""
"Rise","2016-02-19T05:00:00Z",340,""
"Set","2016-02-19T17:20:00Z",1080,""
"Rise","2016-02-20T05:45:00Z",385,"discard"
"Set","2016-02-20T17:25:00Z",1085,""
"Rise","2016-02-21T05:00:00Z",340,""
"Set","2016-02-21T17:25:00Z",1085,""
"Rise","2016-02-22T05:05:00Z",345,""
"Set","2016-02-22T17:20:00Z",1080,""
"Rise","2016-02-23T04:55:00Z",335,""
"Set","2016-02-23T17:20:00Z",1080,""
"Rise","2016-02-24T05:05:00Z",345,""
"Set","2016-02-24T17:25:00Z",1085,""
"Rise","2016-02-25T05:00:00Z",340,""
"Set","2016-02-25T17:25:00Z",1085,""
"Rise","2016-02-26T04:55:00Z",335,""
"Set","2016-02-26T17:25:00Z",1085,""
"Rise","2016-02-27T05:15:00Z",355,"discard"
"Set","2016-02-27T17:25:00Z",1085,""
"Rise","2016-02-28T05:00:00Z",340,""
"Set","2016-02-28T17:25:00Z",1085,""
"Rise","2016-02-29T05:00:00Z",340,""
"Set","2016-02-29T17:25:00Z",1085,""
"Rise","2016-03-01T05:00:00Z",340,""
"Set","2016-03-01T17:20:00Z",1080,""
"Rise","2016-03-02T05:00:00Z",340,""
"Set","2016-03-02T17:20:00Z",1080,""
"Rise","2016-03-03T05:00:00Z",340,""
"Set","2016-03-03T17:20:00Z",1080,""
"Rise","2016-03-04T04:55:00Z",335,""
"Set","2016-03-04T17:20:00Z",1080,""
"Rise","2016-03-05T05:00:00Z",340,""
"Set","2016-03-05T17:20:00Z",1080,""
"Rise","2016-03-06T05:00:00Z",340,""
"Set","2016-03-06T17:20:00Z",1080,""
"Rise","2016-03-07T04:55:00Z",335,""
"Set","2016-03-07T17:10:00Z",1070,""
"Rise","2016-03-08T05:00:00Z",340,""
"Set","2016-03-08T17:20:00Z",1080,""
"Rise","2016-03-09T04:55:00Z",335,""
"Set","2016-03-09T17:25:00Z",1085,""
"Rise","2016-03-10T04:55:00Z",335,""
"Set","2016-03-10T17:20:00Z",1080,""
"Rise","2016-03-11T04:55:00Z",335,""
"Set","2016-03-11T17:25:00Z",1085,""
"Rise","2016-03-12T04:50:00Z",330,""
"Set","2016-03-12T17:20:00Z",1080,""
"Rise","2016-03-13T04:55:00Z",335,""
"Set","2016-03-13T17:20:00Z",1080,""
"Rise","2016-03-14T04:50:00Z",330,""
"Set","2016-03-14T17:20:00Z",1080,""
"Rise","2016-03-15T05:00:00Z",340,""
"Set","2016-03-15T17:20:00Z",1080,""
"Rise","2016-03-16T05:00:00Z",340,""
"Set","2016-03-16T17:20:00Z",1080,""
"Rise","2016-03-17T04:50:00Z",330,""
"Set","2016-03-17T17:20:00Z",1080,""
"Rise","2016-03-18T04:55:00Z",335,""
"Set","2016-03-18T17:15:00Z",1075,""
"Rise","2016-03-19T04:55:00Z",335,""
"Set","2016-03-19T17:15:00Z",1075,""
"Rise","2016-03-20T05:00:00Z",340,""
"Set","2016-03-20T17:20:00Z",1080,""
"Rise","2016-03-21T04:55:00Z",335,""
"Set","2016-03-21T17:20:00Z",1080,""
"Rise","2016-03-22T04:50:00Z",330,""
"Set","2016-03-22T17:15:00Z",1075,""
"Rise","2016-03-23T04:50:00Z",330,""
"Set","2016-03-23T17:20:00Z",1080,""
"Rise","2016-03-24T04:50:00Z",330,""
"Set","2016-03-24T17:15:00Z",1075,""
"Rise","2016-03-25T04:50:00Z",330,""
"Set","2016-03-25T17:05:00Z",1065,""
"Rise","2016-03-26T04:55:00Z",335,""
"Set","2016-03-26T17:15:00Z",1075,""
"Rise","2016-03-27T04:50:00Z",330,""
"Set","2016-03-27T17:05:00Z",1065,""
"Rise","2016-03-28T04:50:00Z",330,""
"Set","2016-03-28T17:15:00Z",1075,""
"Rise","2016-03-29T04:50:00Z",330,""
"Set","2016-03-29T17:10:00Z",1070,""
"Rise","2016-03-30T04:55:00Z",335,""
"Set","2016-03-30T17:10:00Z",1070,""
"Rise","2016-03-31T04:50:00Z",330,""
"Set","2016-03-31T17:10:00Z",1070,""
"Rise","2016-04-01T04:55:00Z",335,""
"Set","2016-04-01T17:15:00Z",1075,""
"Rise","2016-04-02T05:00:00Z",340,""
"Set","2016-04-02T17:25:00Z",1085,""
"Rise","2016-04-03T05:00:00Z",340,""
"Set","2016-04-03T17:35:00Z",1095,""
"Rise","2016-04-04T05:10:00Z",350,""
"Set","2016-04-04T17:45:00Z",1105,""
"Rise","2016-04-05T05:10:00Z",350,""
"Set","2016-04-05T17:45:00Z",1105,""
"Rise","2016-04-06T05:20:00Z",360,""
"Set","2016-04-06T18:00:00Z",1120,""
"Rise","2016-04-07T05:35:00Z",375,""
"Set","2016-04-07T17:50:00Z",1110,""
"Rise","2016-04-08T05:35:00Z",375,""
"Set","2016-04-08T18:00:00Z",1120,""
"Rise","2016-04-09T05:35:00Z",375,""
"Set","2016-04-09T17:50:00Z",1110,""
"Rise","2016-04-10T05:40:00Z",380,""
"Set","2016-04-10T18:05:00Z",1125,""
"Rise","2016-04-11T05:30:00Z",370,""
"Set","2016-04-11T18:05:00Z",1125,""
"Rise","2016-04-12T05:30:00Z",370,""
"Set","2016-04-12T18:05:00Z",1125,""
"Rise","2016-04-13T05:30:00Z",370,""
"Set","2016-04-13T18:05:00Z",1125,""
"Rise","2016-04-14T05:30:00Z",370,""
"Set","2016-04-14T18:00:00Z",1120,""
"Rise","2016-04-15T05:30:00Z",370,""
"Set","2016-04-15T18:05:00Z",1125,""
"Rise","2016-04-16T05:30:00Z",370,""
"Set","2016-04-16T18:05:00Z",1125,""
"Rise","2016-04-17T05:30:00Z",370,""
"Set","2016-04-17T18:05:00Z",1125,""
"Rise","2016-04-18T05:25:00Z",365,""
"Set","2016-04-18T18:10:00Z",1130,""
"Rise","2016-04-19T05:25:00Z",365,""
"Set","2016-04-19T18:00:00Z",1120,""
"Rise","2016-04-20T05:30:00Z",370,""
"Set","2016-04-20T17:55:00Z",1115,"discard"
"Rise","2016-04-21T05:25:00Z",365,""
"Set","2016-04-21T18:20:00Z",1140,""
"Rise","2016-04-22T05:20:00Z",360,""
"Set","2016-04-22T18:25:00Z",1145,""
"Rise","2016-04-23T05:20:00Z",360,""
"Set","2016-04-23T18:35:00Z",1155,""
"Rise","2016-04-24T05:15:00Z",355,""
"Set","2016-04-24T18:25:00Z",1145,""
"Rise","2016-04-25T05:05:00Z",345,""
"Set","2016-04-25T18:20:00Z",1140,""
"Rise","2016-04-26T04:55:00Z",335,""
"Set","2016-04-26T18:25:00Z",1145,""
"Rise","2016-04-27T04:50:00Z",330,""
"Set","2016-04-27T18:30:00Z",1150,""
"Rise","2016-04-28T04:35:00Z",315,""
"Set","2016-04-28T18:20:00Z",1140,""
"Rise","2016-04-29T04:40:00Z",320,""
"Set","2016-04-29T18:20:00Z",1140,""
"Rise","2016-04-30T04:30:00Z",310,""
"Set","2016-04-30T18:20:00Z",1140,""
"Rise","2016-05-01T04:25:00Z",305,""
"Set","2016-05-01T17:45:00Z",1105,"discard"
"Rise","2016-05-02T04:30:00Z",310,""
"Set","2016-05-02T18:05:00Z",1125,"discard"
"Rise","2016-05-03T04:20:00Z",300,""
"Set","2016-05-03T18:30:00Z",1150,""
"Rise","2016-05-04T04:05:00Z",285,""
"Set","2016-05-04T18:30:00Z",1150,""
"Rise","2016-05-05T04:15:00Z",295,""
"Set","2016-05-05T18:15:00Z",1135,"discard"
"Rise","2016-05-06T04:20:00Z",300,""
"Set","2016-05-06T18:25:00Z",1145,""
"Rise","2016-05-07T04:20:00Z",300,""
"Set","2016-05-07T18:30:00Z",1150,""
"Rise","2016-05-08T04:10:00Z",290,""
"Set","2016-05-08T18:30:00Z",1150,""
"Rise","2016-05-09T04:05:00Z",285,""
"Set","2016-05-09T18:30:00Z",1150,""
"Rise","2016-05-10T04:10:00Z",290,""
"Set","2016-05-10T18:20:00Z",1140,""
"Rise","2016-05-11T04:10:00Z",290,""
"Set","2016-05-11T18:35:00Z",1155,""
"Rise","2016-05-12T03:50:00Z",270,""
"Set","2016-05-12T18:25:00Z",1145,""
"Rise","2016-05-13T03:30:00Z",250,""
"Set","2016-05-13T18:30:00Z",1150,""
"Rise","2016-05-14T03:45:00Z",265,""
"Set","2016-05-14T18:25:00Z",1145,""
"Rise","2016-05-15T03:35:00Z",255,""
"Set","2016-05-15T18:30:00Z",1150,""
"Rise","2016-05-16T03:25:00Z",245,""
"Set","2016-05-16T18:45:00Z",1165,""
"Rise","2016-05-17T03:10:00Z",230,""
"Set","2016-05-17T19:00:00Z",1180,""
"Rise","2016-05-18T03:05:00Z",225,""
"Set","2016-05-18T19:10:00Z",1190,""
"Rise","2016-05-19T02:55:00Z",215,""
"Set","2016-05-19T19:20:00Z",1200,""
"Rise","2016-05-20T02:50:00Z",210,""
"Set","2016-05-20T19:10:00Z",1190,""
"Rise","2016-05-21T03:05:00Z",225,""
"Set","2016-05-21T19:20:00Z",1200,""
"Rise","2016-05-22T02:55:00Z",215,""
"Set","2016-05-22T19:25:00Z",1205,""
"Rise","2016-05-23T02:50:00Z",210,""
"Set","2016-05-23T17:35:00Z",1095,"discard"
"Rise","2016-05-24T04:15:00Z",295,"discard"
"Set","2016-05-24T17:05:00Z",1065,"discard"
"Rise","2016-05-25T04:00:00Z",280,"discard"
"Set","2016-05-25T18:30:00Z",1150,"discard"
"Rise","2016-05-26T03:45:00Z",265,"discard"
"Set","2016-05-26T19:30:00Z",1210,""
"Rise","2016-05-27T02:40:00Z",200,""
"Set","2016-05-27T18:55:00Z",1175,"discard"
"Rise","2016-05-28T03:30:00Z",250,"discard"
"Set","2016-05-28T19:00:00Z",1180,"discard"
"Rise","2016-05-29T03:55:00Z",275,"discard"
"Set","2016-05-29T19:00:00Z",1180,"discard"
"Rise","2016-05-30T03:40:00Z",260,"discard"
"Set","2016-05-30T19:40:00Z",1220,""
"Rise","2016-05-31T02:40:00Z",200,""
"Set","2016-05-31T18:35:00Z",1155,"discard"
"Rise","2016-06-01T03:25:00Z",245,"discard"
"Set","2016-06-01T19:05:00Z",1185,"discard"
"Rise","2016-06-02T04:20:00Z",300,"discard"
"Set","2016-06-02T19:20:00Z",1200,"discard"
"Rise","2016-06-03T03:50:00Z",270,"discard"
"Set","2016-06-03T19:40:00Z",1220,"discard"
"Rise","2016-06-04T02:40:00Z",200,""
"Set","2016-06-04T19:30:00Z",1210,"discard"
"Rise","2016-06-05T03:30:00Z",250,"discard"
"Set","2016-06-05T19:50:00Z",1230,""
"Rise","2016-06-06T02:30:00Z",190,""
"Set","2016-06-06T19:40:00Z",1220,"discard"
"Rise","2016-06-07T02:35:00Z",195,""
"Set","2016-06-07T19:40:00Z",1220,"discard"
"Rise","2016-06-08T02:30:00Z",190,""
"Set","2016-06-08T19:45:00Z",1225,""
"Rise","2016-06-09T02:35:00Z",195,""
"Set","2016-06-09T19:55:00Z",1235,""
"Rise","2016-06-10T02:35:00Z",195,""
"Set","2016-06-10T19:35:00Z",1215,"discard"
"Rise","2016-06-11T02:45:00Z",205,""
"Set","2016-06-11T19:35:00Z",1215,"discard"
"Rise","2016-06-12T02:30:00Z",190,""
"Set","2016-06-12T19:30:00Z",1210,"discard"
"Rise","2016-06-13T02:35:00Z",195,""
"Set","2016-06-13T18:15:00Z",1135,"discard"
"Rise","2016-06-14T03:10:00Z",230,"discard"
"Set","2016-06-14T19:40:00Z",1220,"discard"
"Rise","2016-06-15T02:45:00Z",205,""
"Set","2016-06-15T19:20:00Z",1200,"discard"
"Rise","2016-06-16T02:55:00Z",215,"discard"
"Set","2016-06-16T19:30:00Z",1210,"discard"
"Rise","2016-06-17T03:00:00Z",220,"discard"
"Set","2016-06-17T18:45:00Z",1165,"discard"
"Rise","2016-06-18T03:00:00Z",220,"discard"
"Set","2016-06-18T19:55:00Z",1235,""
"Rise","2016-06-19T02:25:00Z",185,""
"Set","2016-06-19T20:05:00Z",1245,""
"Rise","2016-06-20T02:10:00Z",170,""
"Set","2016-06-20T19:45:00Z",1225,""
"Rise","2016-06-21T02:35:00Z",195,""
"Set","2016-06-21T19:55:00Z",1235,""
"Rise","2016-06-22T02:40:00Z",200,""
"Set","2016-06-22T20:10:00Z",1250,""
"Rise","2016-06-23T02:20:00Z",180,""
"Set","2016-06-23T19:50:00Z",1230,""
"Rise","2016-06-24T02:30:00Z",190,""
"Set","2016-06-24T19:50:00Z",1230,""
"Rise","2016-06-25T02:35:00Z",195,""
"Set","2016-06-25T19:45:00Z",1225,""
"Rise","2016-06-26T02:35:00Z",195,""
"Set","2016-06-26T19:50:00Z",1230,""
"Rise","2016-06-27T02:35:00Z",195,""
"Set","2016-06-27T19:40:00Z",1220,""
"Rise","2016-06-28T02:35:00Z",195,""
"Set","2016-06-28T19:55:00Z",1235,""
"Rise","2016-06-29T02:45:00Z",205,""
"Set","2016-06-29T19:40:00Z",1220,""
"Rise","2016-06-30T03:35:00Z",255,"discard"
"Set","2016-06-30T20:00:00Z",1240,""
"Rise","2016-07-01T02:40:00Z",200,""
"Set","2016-07-01T20:00:00Z",1240,""
"Rise","2016-07-02T02:35:00Z",195,""
"Set","2016-07-02T19:45:00Z",1225,""
"Rise","2016-07-03T03:00:00Z",220,"discard"
"Set","2016-07-03T19:45:00Z",1225,""
"Rise","2016-07-04T03:10:00Z",230,"discard"
"Set","2016-07-04T19:50:00Z",1230,""
"Rise","2016-07-05T02:40:00Z",200,""
"Set","2016-07-05T19:00:00Z",1180,"discard"
"Rise","2016-07-06T04:30:00Z",310,"discard"
"Set","2016-07-06T19:40:00Z",1220,""
"Rise","2016-07-07T05:25:00Z",365,"discard"
"Set","2016-07-07T19:25:00Z",1205,""
"Rise","2016-07-08T04:40:00Z",320,"discard"
"Set","2016-07-08T19:25:00Z",1205,""
"Rise","2016-07-09T04:55:00Z",335,"discard"
"Set","2016-07-09T19:40:00Z",1220,""
"Rise","2016-07-10T02:45:00Z",205,""
"Set","2016-07-10T19:35:00Z",1215,""
